{
  "generated_at": "2026-01-09T13:16:03.078215+00:00",
  "accuracy": 0.7933194154488518,
  "total": 479,
  "by_region": {
    "America": {
      "accuracy": 0.8551724137931035,
      "total": 145
    },
    "Asia": {
      "accuracy": 0.7120418848167539,
      "total": 191
    },
    "Europe": {
      "accuracy": 0.8391608391608392,
      "total": 143
    }
  },
  "days_without_loss": 2
}