{
  "generated_at": "2026-01-14T06:46:03.315988+00:00",
  "accuracy": 0.8174904942965779,
  "total": 526,
  "by_region": {
    "America": {
      "accuracy": 0.8606965174129353,
      "total": 201
    },
    "Asia": {
      "accuracy": 0.7472527472527473,
      "total": 182
    },
    "Europe": {
      "accuracy": 0.8461538461538461,
      "total": 143
    }
  },
  "days_without_loss": 5
}