{
  "generated_at": "2026-02-02T13:16:02.716716+00:00",
  "accuracy": 0.8058608058608059,
  "total": 546,
  "by_region": {
    "America": {
      "accuracy": 0.8606965174129353,
      "total": 201
    },
    "Asia": {
      "accuracy": 0.7323232323232324,
      "total": 198
    },
    "Europe": {
      "accuracy": 0.8299319727891157,
      "total": 147
    }
  },
  "days_without_loss": 8
}