{
  "generated_at": "2025-12-22T23:31:03.700279+00:00",
  "accuracy": 0.7638888888888888,
  "total": 432,
  "by_region": {
    "America": {
      "accuracy": 0.823076923076923,
      "total": 130
    },
    "Asia": {
      "accuracy": 0.6556291390728477,
      "total": 151
    },
    "Europe": {
      "accuracy": 0.8211920529801324,
      "total": 151
    }
  },
  "days_without_loss": 0
}