{
  "generated_at": "2026-01-16T06:46:02.721246+00:00",
  "accuracy": 0.8169811320754717,
  "total": 530,
  "by_region": {
    "America": {
      "accuracy": 0.8571428571428571,
      "total": 203
    },
    "Asia": {
      "accuracy": 0.7472527472527473,
      "total": 182
    },
    "Europe": {
      "accuracy": 0.8482758620689655,
      "total": 145
    }
  },
  "days_without_loss": 2
}