{
  "generated_at": "2026-01-12T06:50:59.771886+00:00",
  "accuracy": 0.8205645161290323,
  "total": 496,
  "by_region": {
    "America": {
      "accuracy": 0.8592964824120602,
      "total": 199
    },
    "Asia": {
      "accuracy": 0.75,
      "total": 156
    },
    "Europe": {
      "accuracy": 0.8439716312056738,
      "total": 141
    }
  },
  "days_without_loss": 3
}