{
  "generated_at": "2026-01-02T06:46:02.920397+00:00",
  "accuracy": 0.7995642701525054,
  "total": 459,
  "by_region": {
    "America": {
      "accuracy": 0.8489208633093526,
      "total": 139
    },
    "Asia": {
      "accuracy": 0.7206703910614525,
      "total": 179
    },
    "Europe": {
      "accuracy": 0.851063829787234,
      "total": 141
    }
  },
  "days_without_loss": 4
}