{
  "generated_at": "2026-01-19T13:16:04.521906+00:00",
  "accuracy": 0.809433962264151,
  "total": 530,
  "by_region": {
    "America": {
      "accuracy": 0.8585858585858586,
      "total": 198
    },
    "Asia": {
      "accuracy": 0.7393617021276596,
      "total": 188
    },
    "Europe": {
      "accuracy": 0.8333333333333334,
      "total": 144
    }
  },
  "days_without_loss": 2
}