{
  "generated_at": "2026-02-16T13:16:02.814198+00:00",
  "accuracy": 0.8050541516245487,
  "total": 554,
  "by_region": {
    "America": {
      "accuracy": 0.8606965174129353,
      "total": 201
    },
    "Asia": {
      "accuracy": 0.7317073170731707,
      "total": 205
    },
    "Europe": {
      "accuracy": 0.831081081081081,
      "total": 148
    }
  },
  "days_without_loss": 1
}