{
  "generated_at": "2026-01-07T13:16:03.495177+00:00",
  "accuracy": 0.7911392405063291,
  "total": 474,
  "by_region": {
    "America": {
      "accuracy": 0.8541666666666666,
      "total": 144
    },
    "Asia": {
      "accuracy": 0.7058823529411765,
      "total": 187
    },
    "Europe": {
      "accuracy": 0.8391608391608392,
      "total": 143
    }
  },
  "days_without_loss": 0
}