{
  "generated_at": "2025-12-21T23:31:03.713634+00:00",
  "accuracy": 0.7710280373831776,
  "total": 428,
  "by_region": {
    "America": {
      "accuracy": 0.823076923076923,
      "total": 130
    },
    "Asia": {
      "accuracy": 0.6644295302013423,
      "total": 149
    },
    "Europe": {
      "accuracy": 0.8322147651006712,
      "total": 149
    }
  },
  "days_without_loss": 0
}