{
  "generated_at": "2025-12-15T23:31:02.395461+00:00",
  "accuracy": 0.7707182320441989,
  "total": 362,
  "by_region": {
    "America": {
      "accuracy": 0.8016528925619835,
      "total": 121
    },
    "Asia": {
      "accuracy": 0.6689655172413793,
      "total": 145
    },
    "Europe": {
      "accuracy": 0.8854166666666666,
      "total": 96
    }
  }
}