{
  "generated_at": "2026-01-18T23:31:03.420497+00:00",
  "accuracy": 0.8087121212121212,
  "total": 528,
  "by_region": {
    "America": {
      "accuracy": 0.8585858585858586,
      "total": 198
    },
    "Asia": {
      "accuracy": 0.7365591397849462,
      "total": 186
    },
    "Europe": {
      "accuracy": 0.8333333333333334,
      "total": 144
    }
  },
  "days_without_loss": 1
}