{
  "generated_at": "2025-12-30T06:46:03.331374+00:00",
  "accuracy": 0.7973568281938326,
  "total": 454,
  "by_region": {
    "America": {
      "accuracy": 0.8489208633093526,
      "total": 139
    },
    "Asia": {
      "accuracy": 0.7175141242937854,
      "total": 177
    },
    "Europe": {
      "accuracy": 0.8478260869565217,
      "total": 138
    }
  },
  "days_without_loss": 2
}