{
  "generated_at": "2026-01-21T13:16:04.221664+00:00",
  "accuracy": 0.8048327137546468,
  "total": 538,
  "by_region": {
    "America": {
      "accuracy": 0.8606965174129353,
      "total": 201
    },
    "Asia": {
      "accuracy": 0.7239583333333334,
      "total": 192
    },
    "Europe": {
      "accuracy": 0.8344827586206897,
      "total": 145
    }
  },
  "days_without_loss": 0
}