{
  "generated_at": "2026-01-29T06:46:03.494010+00:00",
  "accuracy": 0.8051470588235294,
  "total": 544,
  "by_region": {
    "America": {
      "accuracy": 0.8606965174129353,
      "total": 201
    },
    "Asia": {
      "accuracy": 0.7295918367346939,
      "total": 196
    },
    "Europe": {
      "accuracy": 0.8299319727891157,
      "total": 147
    }
  },
  "days_without_loss": 6
}