{
  "generated_at": "2025-12-16T13:16:03.578285+00:00",
  "accuracy": 0.7713498622589532,
  "total": 363,
  "by_region": {
    "America": {
      "accuracy": 0.8016528925619835,
      "total": 121
    },
    "Asia": {
      "accuracy": 0.6689655172413793,
      "total": 145
    },
    "Europe": {
      "accuracy": 0.8865979381443299,
      "total": 97
    }
  }
}