{
  "generated_at": "2026-01-05T23:31:04.693586+00:00",
  "accuracy": 0.8012820512820513,
  "total": 468,
  "by_region": {
    "America": {
      "accuracy": 0.8541666666666666,
      "total": 144
    },
    "Asia": {
      "accuracy": 0.7213114754098361,
      "total": 183
    },
    "Europe": {
      "accuracy": 0.851063829787234,
      "total": 141
    }
  },
  "days_without_loss": 0
}