{
  "generated_at": "2025-12-15T13:39:57.115046+00:00",
  "accuracy": 0.7688022284122563,
  "total": 359,
  "by_region": {
    "America": {
      "accuracy": 0.8016528925619835,
      "total": 121
    },
    "Asia": {
      "accuracy": 0.6619718309859155,
      "total": 142
    },
    "Europe": {
      "accuracy": 0.8854166666666666,
      "total": 96
    }
  }
}