{
  "generated_at": "2025-12-29T23:31:02.992828+00:00",
  "accuracy": 0.790948275862069,
  "total": 464,
  "by_region": {
    "America": {
      "accuracy": 0.8489208633093526,
      "total": 139
    },
    "Asia": {
      "accuracy": 0.7058823529411765,
      "total": 187
    },
    "Europe": {
      "accuracy": 0.8478260869565217,
      "total": 138
    }
  },
  "days_without_loss": 1
}