{
  "generated_at": "2026-01-18T11:37:22.497412+00:00",
  "accuracy": 0.8075471698113208,
  "total": 530,
  "by_region": {
    "America": {
      "accuracy": 0.8585858585858586,
      "total": 198
    },
    "Asia": {
      "accuracy": 0.7365591397849462,
      "total": 186
    },
    "Europe": {
      "accuracy": 0.8287671232876712,
      "total": 146
    }
  },
  "days_without_loss": 1
}