{
  "generated_at": "2026-02-04T06:46:03.216885+00:00",
  "accuracy": 0.8072727272727273,
  "total": 550,
  "by_region": {
    "America": {
      "accuracy": 0.8606965174129353,
      "total": 201
    },
    "Asia": {
      "accuracy": 0.736318407960199,
      "total": 201
    },
    "Europe": {
      "accuracy": 0.831081081081081,
      "total": 148
    }
  },
  "days_without_loss": 10
}