{
  "generated_at": "2025-12-16T17:02:40.065219+00:00",
  "accuracy": 0.7635467980295566,
  "total": 406,
  "by_region": {
    "America": {
      "accuracy": 0.8016528925619835,
      "total": 121
    },
    "Asia": {
      "accuracy": 0.6689655172413793,
      "total": 145
    },
    "Europe": {
      "accuracy": 0.8285714285714286,
      "total": 140
    }
  }
}