{
  "generated_at": "2026-01-20T13:16:03.198628+00:00",
  "accuracy": 0.8071161048689138,
  "total": 534,
  "by_region": {
    "America": {
      "accuracy": 0.8592964824120602,
      "total": 199
    },
    "Asia": {
      "accuracy": 0.7315789473684211,
      "total": 190
    },
    "Europe": {
      "accuracy": 0.8344827586206897,
      "total": 145
    }
  },
  "days_without_loss": 0
}