{
  "generated_at": "2025-12-19T06:46:03.905420+00:00",
  "accuracy": 0.7699530516431925,
  "total": 426,
  "by_region": {
    "America": {
      "accuracy": 0.8203125,
      "total": 128
    },
    "Asia": {
      "accuracy": 0.6644295302013423,
      "total": 149
    },
    "Europe": {
      "accuracy": 0.8322147651006712,
      "total": 149
    }
  },
  "days_without_loss": 0
}