{
  "generated_at": "2025-12-22T06:46:03.113835+00:00",
  "accuracy": 0.7674418604651163,
  "total": 430,
  "by_region": {
    "America": {
      "accuracy": 0.823076923076923,
      "total": 130
    },
    "Asia": {
      "accuracy": 0.6556291390728477,
      "total": 151
    },
    "Europe": {
      "accuracy": 0.8322147651006712,
      "total": 149
    }
  },
  "days_without_loss": 0
}