{
  "generated_at": "2026-01-13T23:31:03.017410+00:00",
  "accuracy": 0.8171428571428572,
  "total": 525,
  "by_region": {
    "America": {
      "accuracy": 0.86,
      "total": 200
    },
    "Asia": {
      "accuracy": 0.7472527472527473,
      "total": 182
    },
    "Europe": {
      "accuracy": 0.8461538461538461,
      "total": 143
    }
  },
  "days_without_loss": 4
}